idCliente,nombre,email
1,Xantha M. Guzman,vitae@incursuset.org
2,Brenna J. Hernandez,Donec.vitae.erat@vel.org
3,Acton F. Caldwell,mus.Aenean@eratvolutpat.org
4,Stephanie G. Sims,tempor@in.edu
5,Shafira Bray,arcu.Sed@egestasblandit.edu
6,Gabriel W. Duran,consequat.enim.diam@elitCurabitur.net
7,Steel P. Blackwell,cursus.et.eros@elementum.ca
8,Desirae Heath,aliquam.arcu@ultricesmaurisipsum.co.uk
9,Yetta Oneil,volutpat@semut.co.uk
10,Henry Gallegos,ac.fermentum.vel@Duis.ca
11,Katelyn Justice,scelerisque.lorem.ipsum@enimEtiamimperdiet.org
12,Alana Powell,odio.tristique.pharetra@Duissitamet.net
13,Eaton Hardy,lacus@semvitaealiquam.co.uk
14,Asher F. Rodriguez,ipsum.non@sapienimperdiet.edu
15,Veda E. Newton,Integer.tincidunt.aliquam@lectussitamet.ca
16,Gage Hensley,nisl@necmalesuada.com
17,Georgia B. Dale,luctus.ut.pellentesque@odio.co.uk
18,Zahir Terrell,non@amet.edu
19,Iris Gates,nibh@dignissimlacusAliquam.ca
20,Erin Nolan,Integer.tincidunt@musProinvel.net
21,Neville P. Buckley,sit@consequat.com
22,Cecilia Callahan,rutrum.non@nequeIn.edu
23,Herman I. Gill,tempor.arcu@nuncQuisque.ca
24,Gisela T. Mueller,vitae.risus.Duis@tempor.net
25,Halee F. Brown,Nullam@blandit.co.uk
26,Graham Chavez,nec@Duisrisus.co.uk
27,Candace F. Knight,eleifend.Cras@sed.org
28,Emery G. Landry,viverra@pede.org
29,Aurora Talley,Sed.eget@ornare.co.uk
30,Jolie Johnston,Phasellus.libero@non.com
31,Adria V. Harrison,interdum.enim.non@pharetraQuisque.com
32,Lani Norman,eu.sem.Pellentesque@sitamet.org
33,Hop P. Camacho,Nunc.mauris.elit@nequeMorbi.com
34,Pandora Chambers,Suspendisse@arcu.com
35,Roth Franks,dui@consectetueradipiscing.co.uk
36,Stewart Leach,est.mauris.rhoncus@malesuada.co.uk
37,Owen N. Wells,pretium@acfeugiatnon.edu
38,Kieran M. Mckee,ante@auctor.net
39,Devin Cervantes,Aliquam.erat.volutpat@pede.ca
40,Malik B. Oneil,nascetur.ridiculus.mus@massanonante.org
41,Emma H. Golden,a.tortor.Nunc@mus.edu
42,Fiona T. Santiago,posuere.enim@lacusEtiambibendum.co.uk
43,Margaret Browning,dui.Suspendisse@molestiesodales.net
44,Kiayada Blankenship,lorem@sedest.org
45,Deborah Q. Herring,dignissim@sit.net
46,Dean Murphy,consectetuer.euismod.est@liberolacusvarius.com
47,Barry Beach,in.lobortis.tellus@eratnequenon.ca
48,Alma K. Simon,libero.Morbi.accumsan@ut.edu
49,Hop Boyd,nonummy.ipsum.non@tellus.com
50,Eden R. Clemons,taciti@ligulaeu.com